Model,Accuracy,Precision,Recall,F1-Score,ROC-AUC
RandomForest,0.9511400651465798,0.9463414634146341,0.9107981220657277,0.9282296650717703,0.985985739875663
DecisionTree,0.8827361563517915,0.821917808219178,0.8450704225352113,0.8333333333333334,0.8739067823399248
KNN,0.7947882736156352,0.7485714285714286,0.6150234741784038,0.6752577319587629,0.8710969056232658
SVM,0.8143322475570033,0.7861271676300579,0.6384976525821596,0.7046632124352331,0.8930958987507757
XGBoost,0.9348534201954397,0.9261083743842364,0.8826291079812206,0.9038461538461539,0.9762331261049254
LightGBM,0.9446254071661238,0.9323671497584541,0.9061032863849765,0.919047619047619,0.9771697516771451
CatBoost,0.9071661237785016,0.90625,0.8169014084507042,0.8592592592592593,0.9697352861976515
